IDRSSD,CERT,NAME,CITY,STNAME,DATE,DRLNLS,YYYY_QQ,YYYYQQ,Scenario.Name,Real.GDP.growth,Nominal.GDP.growth,Real.disposable.income.growth,Nominal.disposable.income.growth,Unemployment.rate,CPI.inflation.rate,X3.month.Treasury.rate,X5.year.Treasury.yield,X10.year.Treasury.yield,BBB.corporate.yield,Mortgage.rate,Prime.rate,Dow.Jones.Total.Stock.Market.Index..Level.,House.Price.Index..Level.,Commercial.Real.Estate.Price.Index..Level.,Market.Volatility.Index..Level.,recession_great,recession_covid
12311,6560,The Huntington National Bank,Columbus,Ohio,2023-12-31,454575,2023 Q4,2023Q4,Actual,1.5,3.6,2.2,4.4,3.7,2.8,5.3,4.5,4.5,6.2,7.3,8.5,47787.5,310.5,348.9,21.7,0,0
12311,6560,The Huntington National Bank,Columbus,Ohio,2023-09-30,321797,2023 Q3,2023Q3,Actual,4.9,8.3,0.3,2.9,3.7,3.6,5.3,4.3,4.2,6,7,8.4,42788.7,309.3,348.9,18.9,0,0
12311,6560,The Huntington National Bank,Columbus,Ohio,2023-06-30,190826,2023 Q2,2023Q2,Actual,2.1,3.8,3.3,5.8,3.6,2.7,5.1,3.7,3.7,5.7,6.5,8.2,44411.5,303,354,20.1,0,0
12311,6560,The Huntington National Bank,Columbus,Ohio,2023-03-31,98634,2023 Q1,2023Q1,Actual,2.2,6.3,10.8,15.5,3.5,3.8,4.6,3.8,3.7,5.6,6.4,7.7,41136.6,299.4,347,26.5,0,0
12311,6560,The Huntington National Bank,Columbus,Ohio,2022-12-31,313420,2022 Q4,2022Q4,Actual,2.6,6.5,2.2,6.4,3.6,4.2,4,4.1,3.9,6.1,6.7,6.8,38520.6,295.9,350,33.6,0,0
12311,6560,The Huntington National Bank,Columbus,Ohio,2022-09-30,216944,2022 Q3,2022Q3,Actual,2.7,7.2,3.6,8.5,3.5,5.5,2.7,3.3,3.2,5.3,5.6,5.4,36098,295.8,351,32.6,0,0
12311,6560,The Huntington National Bank,Columbus,Ohio,2022-06-30,133647,2022 Q2,2022Q2,Actual,-0.6,8.5,-1.4,5.7,3.6,9.7,1.1,3,3,4.9,5.3,3.9,37976.5,298.2,345.1,34.8,0,0
12311,6560,The Huntington National Bank,Columbus,Ohio,2022-03-31,81138,2022 Q1,2022Q1,Actual,-2,6.2,-9.8,-2.9,3.8,9.2,0.3,1.9,2,3.5,3.8,3.3,45847.3,289.5,346.3,36.5,0,0
12311,6560,The Huntington National Bank,Columbus,Ohio,2021-12-31,382109,2021 Q4,2021Q4,Actual,7,14.6,-5.6,0.7,4.2,8.8,0.1,1.2,1.6,2.7,3.1,3.3,48634.3,276.4,354.2,31.1,0,0
12311,6560,The Huntington National Bank,Columbus,Ohio,2021-09-30,303223,2021 Q3,2021Q3,Actual,3.3,9.5,-5.2,0.1,5.1,6.6,0,0.8,1.4,2.4,2.9,3.3,44705.8,265.8,340.8,25.7,0,0
12311,6560,The Huntington National Bank,Columbus,Ohio,2021-06-30,196771,2021 Q2,2021Q2,Actual,6.2,12.8,-27.6,-23.1,5.9,7.5,0,0.8,1.6,2.6,3,3.3,44904.3,254.7,317.1,27.6,0,0
12311,6560,The Huntington National Bank,Columbus,Ohio,2021-03-31,95113,2021 Q1,2021Q1,Actual,5.2,10.9,56,63.5,6.2,4.2,0.1,0.6,1.4,2.4,2.9,3.3,41602.7,243,308.9,37.2,0,0
12311,6560,The Huntington National Bank,Columbus,Ohio,2020-12-31,540325,2020 Q4,2020Q4,Actual,4.2,7.1,-7.7,-5.8,6.7,2.8,0.1,0.4,0.9,2.3,2.8,3.3,39219.6,235.5,304.6,40.3,0,0
12311,6560,The Huntington National Bank,Columbus,Ohio,2020-09-30,399903,2020 Q3,2020Q3,Actual,34.8,39.7,-13.3,-10.4,8.8,4.6,0.1,0.3,0.6,2.4,3,3.3,34305.8,227,295.2,33.6,0,0
12311,6560,The Huntington National Bank,Columbus,Ohio,2020-06-30,259685,2020 Q2,2020Q2,Actual,-28,-29.2,45.7,43.2,13,-3.8,0.1,0.4,0.7,3.4,3.2,3.3,31576.8,219.7,288.9,57.1,0,1
12311,6560,The Huntington National Bank,Columbus,Ohio,2020-03-31,135767,2020 Q1,2020Q1,Actual,-5.3,-3.5,2.4,3.7,3.8,1.4,1.1,1.2,1.4,3.4,3.5,4.4,25984.8,218.1,295.7,82.7,0,1
12311,6560,The Huntington National Bank,Columbus,Ohio,2019-12-31,362155,2019 Q4,2019Q4,Actual,2.6,3.9,2.3,3.9,3.6,2.8,1.6,1.6,1.8,3.3,3.7,4.8,33035.4,215,291.3,20.6,0,1
12311,6560,The Huntington National Bank,Columbus,Ohio,2019-09-30,269088,2019 Q3,2019Q3,Actual,4.6,5.9,2.8,3.8,3.6,1.4,2,1.7,1.8,3.4,3.7,5.3,30441.8,211.9,294.3,24.6,0,0
12311,6560,The Huntington National Bank,Columbus,Ohio,2019-06-30,166687,2019 Q2,2019Q2,Actual,3.4,5.4,-0.3,1.8,3.6,2.9,2.3,2.1,2.4,4,4,5.5,30243.8,209.4,296.6,20.6,0,0
12311,6560,The Huntington National Bank,Columbus,Ohio,2019-03-31,97273,2019 Q1,2019Q1,Actual,2.2,3.6,4.7,5.6,3.9,1.1,2.4,2.5,2.7,4.5,4.4,5.5,29193.9,207.4,284.1,25.5,0,0
12311,6560,The Huntington National Bank,Columbus,Ohio,2018-12-31,261211,2018 Q4,2018Q4,Actual,0.6,2.3,3.9,5.5,3.8,1.6,2.3,2.9,3,4.8,4.8,5.3,25724.5,205.8,272,36.1,0,0
12311,6560,The Huntington National Bank,Columbus,Ohio,2018-09-30,180257,2018 Q3,2018Q3,Actual,2.5,4.3,4.3,5.7,3.8,1.6,2,2.8,2.9,4.5,4.6,5,30189.6,204,275.1,16.1,0,0
12311,6560,The Huntington National Bank,Columbus,Ohio,2018-06-30,122952,2018 Q2,2018Q2,Actual,2.1,5.1,3.6,5.8,3.9,2.2,1.8,2.8,2.9,4.5,4.5,4.8,28313.8,202,274.6,23.6,0,0
12311,6560,The Huntington National Bank,Columbus,Ohio,2018-03-31,72804,2018 Q1,2018Q1,Actual,3.3,5.9,4.3,7.2,4,3.4,1.6,2.5,2.8,4.1,4.3,4.5,27383,199.8,273.5,37.3,0,0
12311,6560,The Huntington National Bank,Columbus,Ohio,2017-12-31,252773,2017 Q4,2017Q4,Actual,4.6,7.2,2.5,5,4.2,3.2,1.2,2.1,2.4,3.7,3.9,4.3,27673.2,196.7,271,13.1,0,0
12311,6560,The Huntington National Bank,Columbus,Ohio,2017-09-30,192008,2017 Q3,2017Q3,Actual,3.2,5.3,2.8,4.3,4.3,1.9,1,1.8,2.3,3.7,3.9,4.3,26148.5,193.6,266.7,16,0,0
12311,6560,The Huntington National Bank,Columbus,Ohio,2017-06-30,127235,2017 Q2,2017Q2,Actual,2.3,3.3,4.4,5.3,4.4,0.5,0.9,1.8,2.3,3.8,4,4,25125,190.7,271.9,16,0,0
12311,6560,The Huntington National Bank,Columbus,Ohio,2017-03-31,70790,2017 Q1,2017Q1,Actual,2,4.1,4.2,6.7,4.6,2.8,0.6,2,2.5,4,4.2,3.8,24508.3,188,252.2,13.1,0,0
12311,6560,The Huntington National Bank,Columbus,Ohio,2016-12-31,244334,2016 Q4,2016Q4,Actual,2.2,4.2,2.6,4.5,4.8,2.6,0.4,1.7,2.2,3.9,3.8,3.5,23276.7,185.5,257.2,22.5,0,0
12311,6560,The Huntington National Bank,Columbus,Ohio,2016-09-30,179101,2016 Q3,2016Q3,Actual,2.9,3.9,2.3,3.7,4.9,1.7,0.3,1.2,1.6,3.5,3.4,3.5,22468.6,182.7,256.3,18.1,0,0
12311,6560,The Huntington National Bank,Columbus,Ohio,2016-06-30,103133,2016 Q2,2016Q2,Actual,1.3,4.1,-0.8,1.7,4.9,3.2,0.3,1.3,1.8,3.9,3.6,3.5,21621.5,180.2,247.7,25.8,0,0
12311,6560,The Huntington National Bank,Columbus,Ohio,2016-03-31,59608,2016 Q1,2016Q1,Actual,2.3,2,3.3,3.5,4.9,-0.2,0.3,1.4,2,4.5,3.7,3.5,21179.4,178.2,238.5,28.1,0,0
12311,6560,The Huntington National Bank,Columbus,Ohio,2015-12-31,226104,2015 Q4,2015Q4,Actual,0.7,0.7,2.3,2,5,0,0.1,1.6,2.2,4.4,3.9,3.3,21100.9,176,243.6,24.4,0,0
12311,6560,The Huntington National Bank,Columbus,Ohio,2015-09-30,170263,2015 Q3,2015Q3,Actual,1.6,2.7,2.2,3.3,5.1,1.5,0,1.6,2.3,4.3,4,3.3,19959.3,173.5,245.6,40.7,0,0
12311,6560,The Huntington National Bank,Columbus,Ohio,2015-06-30,104324,2015 Q2,2015Q2,Actual,2.5,4.9,1.2,3.2,5.4,2.8,0,1.5,2.2,3.9,3.8,3.3,21630.9,171.1,245.9,18.9,0,0
12311,6560,The Huntington National Bank,Columbus,Ohio,2015-03-31,57358,2015 Q1,2015Q1,Actual,3.7,3.4,5.6,3.7,5.5,-2.6,0,1.5,2,3.9,3.7,3.3,21707.6,169.1,240.6,22.4,0,0
12311,6560,The Huntington National Bank,Columbus,Ohio,2014-12-31,247728,2014 Q4,2014Q4,Actual,2,2.4,5.8,5.3,5.7,-1,0,1.6,2.3,4,4,3.3,21424.6,167,230.4,26.3,0,0
12311,6560,The Huntington National Bank,Columbus,Ohio,2014-09-30,191476,2014 Q3,2014Q3,Actual,5,6.7,3.8,5,6.1,1,0,1.7,2.5,3.9,4.1,3.3,20458.8,164.5,223.3,17,0,0
12311,6560,The Huntington National Bank,Columbus,Ohio,2014-06-30,132963,2014 Q2,2014Q2,Actual,5.3,7.7,5.1,7,6.2,2.1,0,1.7,2.7,4,4.2,3.3,20568.7,162.3,218.8,17,0,0
12311,6560,The Huntington National Bank,Columbus,Ohio,2014-03-31,74137,2014 Q1,2014Q1,Actual,-1.4,0.1,4.7,6.7,6.7,2.5,0,1.6,2.8,4.4,4.4,3.3,19711.2,161.2,208.7,21.4,0,0
12311,6560,The Huntington National Bank,Columbus,Ohio,2013-12-31,306652,2013 Q4,2013Q4,Actual,3.5,5.7,0.6,2,6.9,1.5,0.1,1.4,2.8,4.5,4.3,3.3,19413.2,159.2,212.1,20.3,0,0
12311,6560,The Huntington National Bank,Columbus,Ohio,2013-09-30,232964,2013 Q3,2013Q3,Actual,3.4,5.5,1.4,3.1,7.2,2.2,0,1.5,2.7,4.7,4.4,3.3,17718.3,156.2,213.1,17,0,0
12311,6560,The Huntington National Bank,Columbus,Ohio,2013-06-30,147642,2013 Q2,2013Q2,Actual,1.1,1.9,3.1,3.3,7.5,-0.4,0.1,0.9,2,3.8,3.7,3.3,16771.3,152.3,201.3,20.5,0,0
12311,6560,The Huntington National Bank,Columbus,Ohio,2013-03-31,84152,2013 Q1,2013Q1,Actual,4,5.7,-14.9,-13.7,7.7,1.6,0.1,0.8,1.9,3.7,3.5,3.3,16396.2,148.5,189.8,19,0,0
12311,6560,The Huntington National Bank,Columbus,Ohio,2012-12-31,443825,2012 Q4,2012Q4,Actual,0.5,2.5,11.6,14.1,7.8,2.7,0.1,0.7,1.7,3.6,3.4,3.3,14834.9,144.8,187.8,22.7,0,0
12311,6560,The Huntington National Bank,Columbus,Ohio,2012-09-30,334726,2012 Q3,2012Q3,Actual,0.6,2.8,-3.1,-2,8,1.8,0.1,0.7,1.6,3.9,3.6,3.3,14894.7,141.8,185.3,20.5,0,0
12311,6560,The Huntington National Bank,Columbus,Ohio,2012-06-30,209673,2012 Q2,2012Q2,Actual,1.8,3.5,2.7,3.7,8.2,0.8,0.1,0.8,1.8,4.3,3.8,3.3,14100.2,139,182,26.7,0,0
12311,6560,The Huntington National Bank,Columbus,Ohio,2012-03-31,104463,2012 Q1,2012Q1,Actual,3.4,5.8,6.3,9.1,8.3,2.3,0.1,0.9,2.1,4.4,3.9,3.3,14627.5,135.4,182.7,23,0,0
12311,6560,The Huntington National Bank,Columbus,Ohio,2011-12-31,569201,2011 Q4,2011Q4,Actual,4.6,5.1,0.9,2.2,8.6,1.8,0,1,2.1,4.8,4,3.3,13019.3,134.3,182.6,45.5,0,0
12311,6560,The Huntington National Bank,Columbus,Ohio,2011-09-30,448481,2011 Q3,2011Q3,Actual,-0.1,2.3,2.1,4.1,9,2.6,0,1.1,2.5,4.5,4.3,3.3,11676.5,134.4,172.3,48,0,0
12311,6560,The Huntington National Bank,Columbus,Ohio,2011-06-30,325851,2011 Q2,2011Q2,Actual,2.7,5.5,-0.8,3.2,9.1,4.6,0,1.8,3.3,4.8,4.7,3.3,13843.5,133.9,174.5,22.7,0,0
12311,6560,The Huntington National Bank,Columbus,Ohio,2011-03-31,196459,2011 Q1,2011Q1,Actual,-0.9,1.1,4.1,7.6,9,4.3,0.1,2.1,3.5,5,4.8,3.3,13908.5,133.1,178.4,29.4,0,0
12311,6560,The Huntington National Bank,Columbus,Ohio,2010-12-31,973340,2010 Q4,2010Q4,Actual,2.1,4.5,1.5,4.2,9.5,3.3,0.1,1.5,3,4.7,4.4,3.3,13131.5,135.5,171.9,23.5,0,0
12311,6560,The Huntington National Bank,Columbus,Ohio,2010-09-30,769754,2010 Q3,2010Q3,Actual,3.1,4.4,2.2,3,9.5,1.2,0.2,1.6,2.9,4.8,4.4,3.3,11814,136.7,169.8,32.9,0,0
12311,6560,The Huntington National Bank,Columbus,Ohio,2010-06-30,553841,2010 Q2,2010Q2,Actual,3.9,6,6.8,7.5,9.6,-0.1,0.1,2.3,3.6,5.4,4.9,3.3,10645.8,139.6,171.4,45.8,0,0
12311,6560,The Huntington National Bank,Columbus,Ohio,2010-03-31,262920,2010 Q1,2010Q1,Actual,2,3.1,2.4,4,9.8,0.6,0.1,2.4,3.9,5.6,5,3.3,12032.5,139.2,159.2,27.3,0,0
12311,6560,The Huntington National Bank,Columbus,Ohio,2009-12-31,1540248,2009 Q4,2009Q4,Actual,4.4,5.7,0.6,3.7,9.9,3.2,0.1,2.3,3.7,5.8,4.9,3.3,11385.1,140.5,153.9,30.7,0,0
12311,6560,The Huntington National Bank,Columbus,Ohio,2009-09-30,1079878,2009 Q3,2009Q3,Actual,1.4,1.9,-4.8,-2.1,9.6,3.5,0.2,2.5,3.8,6.5,5.2,3.3,10812.8,139.7,165.4,31.3,0,0
12311,6560,The Huntington National Bank,Columbus,Ohio,2009-06-30,702433,2009 Q2,2009Q2,Actual,-0.7,-1.4,2.7,4.3,9.3,2.1,0.2,2.3,3.7,8.1,5,3.3,9342.8,139.2,170.3,42.3,1,0
12311,6560,The Huntington National Bank,Columbus,Ohio,2009-03-31,343033,2009 Q1,2009Q1,Actual,-4.5,-4.8,-0.3,-3,8.3,-2.7,0.2,1.9,3.2,9.1,5.1,3.3,8044.2,139.2,207.3,56.7,1,0
12311,6560,The Huntington National Bank,Columbus,Ohio,2008-12-31,530394,2008 Q4,2008Q4,Actual,-8.5,-7.6,4.6,-1.9,6.9,-8.9,0.3,2.2,3.7,9.7,5.9,4.1,9056.7,143.4,221,80.9,1,0
12311,6560,The Huntington National Bank,Columbus,Ohio,2008-09-30,332822,2008 Q3,2008Q3,Actual,-2.1,0.9,-7.5,-3.5,6,6.3,1.5,3.1,4.1,7.1,6.3,5,11826,151.2,227.9,46.7,1,0
12311,6560,The Huntington National Bank,Columbus,Ohio,2008-06-30,192049,2008 Q2,2008Q2,Actual,2.4,4.4,8.5,12.8,5.3,5.3,1.6,3.2,4.1,6.7,6.1,5.1,13016.4,158.2,233.4,24.1,1,0
12311,6560,The Huntington National Bank,Columbus,Ohio,2008-03-31,60804,2008 Q1,2008Q1,Actual,-1.7,-0.2,1.7,5.1,5,4.4,2.1,2.8,3.9,6.4,5.9,6.2,13284.1,165.7,229.4,32.2,1,0
12311,6560,The Huntington National Bank,Columbus,Ohio,2007-12-31,531798,2007 Q4,2007Q4,Actual,2.5,4.2,0.5,4.6,4.8,5,3.4,3.8,4.4,6.3,6.2,7.5,14753.6,172.5,249,31.1,1,0
12311,6560,The Huntington National Bank,Columbus,Ohio,2007-09-30,122979,2007 Q3,2007Q3,Actual,2.3,4.6,0.7,3,4.7,2.6,4.3,4.5,4.8,6.5,6.6,8.2,15317.8,178.2,251.3,30.8,0,0
12311,6560,The Huntington National Bank,Columbus,Ohio,2007-06-30,66163,2007 Q2,2007Q2,Actual,2.5,5.3,2,5.5,4.5,4.6,4.7,4.7,4.9,6.2,6.4,8.3,15163.1,183.3,245.9,18.9,0,0
12311,6560,The Huntington National Bank,Columbus,Ohio,2007-03-31,27813,2007 Q1,2007Q1,Actual,1.2,5.1,3.1,6.9,4.5,4,5,4.6,4.8,6,6.2,8.3,14354,189,236.3,19.6,0,0
12311,6560,The Huntington National Bank,Columbus,Ohio,2006-12-31,117008,2006 Q4,2006Q4,Actual,3.5,5,5,4.3,4.4,-1.6,4.9,4.6,4.7,6,6.2,8.3,14215.8,190.8,229.5,12.7,0,0
12311,6560,The Huntington National Bank,Columbus,Ohio,2006-09-30,84258,2006 Q3,2006Q3,Actual,0.6,3.4,0.6,3.5,4.6,3.8,4.9,4.8,5,6.3,6.6,8.3,13322.5,190.9,224.8,18.6,0,0
12311,6560,The Huntington National Bank,Columbus,Ohio,2006-06-30,56092,2006 Q2,2006Q2,Actual,1,4.6,1.5,5.1,4.6,3.7,4.7,5,5.2,6.3,6.6,7.9,12808.9,192.3,219.3,23.8,0,0
12311,6560,The Huntington National Bank,Columbus,Ohio,2006-03-31,31767,2006 Q1,2006Q1,Actual,5.5,8.5,7.6,9.9,4.7,2.1,4.4,4.6,4.7,5.8,6.2,7.4,13121.6,193.7,210.1,14.6,0,0
12311,6560,The Huntington National Bank,Columbus,Ohio,2005-12-31,115348,2005 Q4,2005Q4,Actual,2.2,5.6,3.6,7,5,3.8,3.8,4.4,4.6,5.8,6.2,7,12497.2,190.1,204.2,16.5,0,0
12311,6560,The Huntington National Bank,Columbus,Ohio,2005-09-30,88276,2005 Q3,2005Q3,Actual,3.2,7,1.5,5.9,5,6.2,3.4,4,4.3,5.4,5.8,6.4,12282.9,185,197.6,14.2,0,0
12311,6560,The Huntington National Bank,Columbus,Ohio,2005-06-30,62446,2005 Q2,2005Q2,Actual,2,5,3.7,6.4,5.1,2.7,2.9,3.9,4.2,5.4,5.7,5.9,11856.7,178.8,189.2,17.7,0,0
12311,6560,The Huntington National Bank,Columbus,Ohio,2005-03-31,37213,2005 Q1,2005Q1,Actual,4.5,7.9,-5.3,-3.1,5.3,2,2.5,3.9,4.4,5.2,5.8,5.4,11637.3,172,185.9,14.7,0,0
12311,6560,The Huntington National Bank,Columbus,Ohio,2004-12-31,121882,2004 Q4,2004Q4,Actual,4.1,7.4,4.7,8.4,5.4,4.4,2,3.5,4.3,5.1,5.7,4.9,11951.5,165.2,179.5,16.6,0,0
12311,6560,The Huntington National Bank,Columbus,Ohio,2004-09-30,91537,2004 Q3,2004Q3,Actual,3.8,6.5,2.6,4.6,5.4,2.6,1.5,3.5,4.4,5.4,5.9,4.4,10893.8,159.2,179.6,19.3,0,0
12311,6560,The Huntington National Bank,Columbus,Ohio,2004-06-30,66012,2004 Q2,2004Q2,Actual,3.1,6.5,4.2,7,5.6,3.2,1.1,3.7,4.7,5.7,6.1,4,11144.6,154,168.8,20,0,0
12311,6560,The Huntington National Bank,Columbus,Ohio,2004-03-31,37168,2004 Q1,2004Q1,Actual,2.3,5.2,1.8,5,5.7,3.4,0.9,3,4.1,5,5.6,4,11039.4,148.1,160.8,21.6,0,0
12311,6560,The Huntington National Bank,Columbus,Ohio,2003-12-31,201609,2003 Q4,2003Q4,Actual,4.7,7.3,1.1,3.1,5.8,1.5,0.9,3.2,4.4,5.4,5.9,4,10799.6,143.2,151.2,21.1,0,0
12311,6560,The Huntington National Bank,Columbus,Ohio,2003-09-30,133586,2003 Q3,2003Q3,Actual,6.8,9.3,7,9.8,6.1,3,0.9,3.1,4.4,5.6,6,4,9649.7,138.7,149.1,22.7,0,0
12311,6560,The Huntington National Bank,Columbus,Ohio,2003-06-30,90325,2003 Q2,2003Q2,Actual,3.6,5.1,4.6,5,6.1,-0.7,1,2.6,3.8,5.3,5.5,4.2,9342.4,134.8,153.2,29.1,0,0
12311,6560,The Huntington National Bank,Columbus,Ohio,2003-03-31,40264,2003 Q1,2003Q1,Actual,2.1,4.1,0.1,3.2,5.9,4.2,1.2,2.9,4.2,6.2,5.8,4.3,8051.9,131.9,155.1,34.7,0,0
12311,6560,The Huntington National Bank,Columbus,Ohio,2002-12-31,228873,2002 Q4,2002Q4,Actual,0.5,2.8,2.5,4.4,5.9,2.4,1.3,3.1,4.3,6.9,6.1,4.5,8343.2,129.3,149.5,42.6,0,0
12311,6560,The Huntington National Bank,Columbus,Ohio,2002-09-30,181596,2002 Q3,2002Q3,Actual,1.6,3.6,0.5,2.6,5.7,2.2,1.6,3.4,4.5,7.2,6.3,4.8,7773.6,126.7,143.5,45.1,0,0
12311,6560,The Huntington National Bank,Columbus,Ohio,2002-06-30,125007,2002 Q2,2002Q2,Actual,2.5,3.9,3.2,6.3,5.8,3.2,1.7,4.5,5.4,7.5,6.8,4.8,9384,123.6,140.9,28.4,0,0
12311,6560,The Huntington National Bank,Columbus,Ohio,2002-03-31,67527,2002 Q1,2002Q1,Actual,3.4,4.7,9.9,10.8,5.7,1.3,1.7,4.5,5.4,7.4,7,4.8,10775.7,120.4,142.9,26.1,0,0
12311,6560,The Huntington National Bank,Columbus,Ohio,2001-12-31,174540,2001 Q4,2001Q4,Actual,1.1,2.4,-6.5,-6.3,5.5,-0.3,1.9,4.2,5.1,7.1,6.8,5.2,10707.7,118.3,138.6,35.3,0,0
12311,6560,The Huntington National Bank,Columbus,Ohio,2001-09-30,160507,2001 Q3,2001Q3,Actual,-1.6,0,9.5,9.7,4.8,1.1,3.2,4.6,5.3,7.2,7,6.6,9563,116.4,146,43.7,0,0
12311,6560,The Huntington National Bank,Columbus,Ohio,2001-06-30,111121,2001 Q2,2001Q2,Actual,2.5,5,-0.3,1.6,4.4,2.8,3.7,4.9,5.5,7.5,7.1,7.3,11407.2,114.2,145,34.7,0,0
12311,6560,The Huntington National Bank,Columbus,Ohio,2001-03-31,35648,2001 Q1,2001Q1,Actual,-1.3,1.3,3.2,6.3,4.2,3.9,4.8,4.9,5.3,7.5,7,8.6,10645.9,112.2,144.4,32.8,0,0
12311,6560,The Huntington National Bank,Columbus,Ohio,2000-12-31,85825,2000 Q4,2000Q4,Actual,2.4,4.6,2.7,5.1,3.9,2.9,6,5.6,5.8,8,7.6,9.5,12175.9,109.6,145.5,31.7,0,0
12311,6560,The Huntington National Bank,Columbus,Ohio,2000-09-30,77916,2000 Q3,2000Q3,Actual,0.4,2.8,5.4,8.1,4,3.7,6,6.1,6.1,8.2,8,9.5,13613.3,107.2,142.6,21.9,0,0
12311,6560,The Huntington National Bank,Columbus,Ohio,2000-06-30,48417,2000 Q2,2000Q2,Actual,7.5,10.2,4.8,6.8,3.9,3.2,5.7,6.5,6.4,8.6,8.3,9.2,13618.5,104.9,133.9,33.5,0,0
12311,6560,The Huntington National Bank,Columbus,Ohio,2000-03-31,25606,2000 Q1,2000Q1,Actual,1.5,4.2,7.2,10.7,4,4,5.5,6.6,6.7,8.3,8.3,8.7,14296.2,102.3,125.1,27,0,0
12311,6560,The Huntington National Bank,Columbus,Ohio,1999-12-31,99074,1999 Q4,1999Q4,Actual,6.7,9.1,5.3,7.9,4.1,3,5,6.1,6.5,8,7.8,8.4,13812.7,99.8,131.6,28.8,0,0
12311,6560,The Huntington National Bank,Columbus,Ohio,1999-09-30,87436,1999 Q3,1999Q3,Actual,5.4,6.9,2.9,5.1,4.2,3,4.7,5.9,6.2,7.8,7.8,8.1,11713.8,97.7,129.4,28.5,0,0
12311,6560,The Huntington National Bank,Columbus,Ohio,1999-06-30,59654,1999 Q2,1999Q2,Actual,3.4,5,0.3,2.6,4.3,3,4.5,5.5,5.8,7.3,7.2,7.8,12583.6,95.8,123.8,28.9,0,0
12311,6560,The Huntington National Bank,Columbus,Ohio,1999-03-31,32531,1999 Q1,1999Q1,Actual,3.8,5.2,4.3,5.2,4.3,1.5,4.4,5,5.4,6.9,6.9,7.8,11707.7,93.9,123.8,33,0,0
12311,6560,The Huntington National Bank,Columbus,Ohio,1998-12-31,106684,1998 Q4,1998Q4,Actual,6.6,7.8,3,4.1,4.4,1.9,4.3,4.6,4.9,6.8,6.8,7.9,11317.6,92.5,127.8,45.7,0,0
12311,6560,The Huntington National Bank,Columbus,Ohio,1998-09-30,85523,1998 Q3,1998Q3,Actual,5.1,6.9,4,5.3,4.5,2.1,4.8,5.2,5.4,6.8,6.9,8.5,9346.8,90.8,125.3,45.3,0,0
12311,6560,The Huntington National Bank,Columbus,Ohio,1998-06-30,55258,1998 Q2,1998Q2,Actual,3.8,4.7,5.7,6.5,4.4,1.3,5,5.6,5.8,6.7,7.1,8.5,10663.6,89.2,125.5,26.1,0,0
12311,6560,The Huntington National Bank,Columbus,Ohio,1998-03-31,27100,1998 Q1,1998Q1,Actual,4.1,4.7,8.8,8.8,4.6,0.8,5.1,5.6,5.7,6.7,7.1,8.5,10494.7,88.1,120.7,28.7,0,0
12311,6560,The Huntington National Bank,Columbus,Ohio,1997-12-31,110249,1997 Q4,1997Q4,Actual,3.5,4.8,6,7.4,4.7,2.2,5.1,5.9,6,6.9,7.2,8.5,9298.2,86.3,118.6,38.2,0,0
12311,6560,The Huntington National Bank,Columbus,Ohio,1997-09-30,75014,1997 Q3,1997Q3,Actual,5.1,6.9,4.8,5.9,4.9,2,5,6.1,6.4,7.1,7.5,8.5,9180.2,85,108.9,26,0,0
12311,6560,The Huntington National Bank,Columbus,Ohio,1997-06-30,46248,1997 Q2,1997Q2,Actual,6.8,7.7,3.5,4.5,5,0.9,5,6.6,6.8,7.5,7.9,8.5,8396.9,84,105,21.8,0,0
12311,6560,The Huntington National Bank,Columbus,Ohio,1997-03-31,16479,1997 Q1,1997Q1,Actual,2.6,5.1,3.7,5.6,5.2,2.5,5.1,6.4,6.6,7.4,7.8,8.3,7213.5,83.2,105,22.1,0,0
12311,6560,The Huntington National Bank,Columbus,Ohio,1996-12-31,62449,1996 Q4,1996Q4,Actual,4.2,6.5,2,4.8,5.3,3.5,5,6.1,6.4,7.2,7.7,8.3,7198.3,82.5,97.4,22,0,0
12311,6560,The Huntington National Bank,Columbus,Ohio,1996-09-30,40779,1996 Q3,1996Q3,Actual,3.6,5,3.2,4.9,5.3,2.3,5.1,6.5,6.8,7.7,8.1,8.3,6765.7,82,91.9,21.6,0,0
12311,6560,The Huntington National Bank,Columbus,Ohio,1996-06-30,24766,1996 Q2,1996Q2,Actual,6.8,8.6,3.7,6.5,5.5,3.5,5,6.5,6.8,7.7,8.1,8.3,6612.8,81.5,92.7,20.2,0,0
12311,6560,The Huntington National Bank,Columbus,Ohio,1996-03-31,12133,1996 Q1,1996Q1,Actual,3,5,3.8,6.1,5.5,3.6,4.9,5.6,6,6.9,7.3,8.3,6365.9,80.9,92.5,20.7,0,0
12311,6560,The Huntington National Bank,Columbus,Ohio,1995-12-31,44228,1995 Q4,1995Q4,Actual,2.7,4.7,2.3,4.1,5.6,2.2,5.3,5.7,6,7,7.3,8.7,6057.2,80.3,92.1,15.7,0,0
12311,6560,The Huntington National Bank,Columbus,Ohio,1995-09-30,27201,1995 Q3,1995Q3,Actual,3.4,5.5,3.7,5.4,5.7,2,5.4,6.1,6.5,7.4,7.7,8.8,5806.6,79.9,91.2,13.8,0,0
12311,6560,The Huntington National Bank,Columbus,Ohio,1995-06-30,16392,1995 Q2,1995Q2,Actual,1.2,3.2,1.1,3.5,5.7,3.3,5.6,6.4,6.7,7.7,7.9,9,5348.8,79.1,90.5,13.5,0,0
12311,6560,The Huntington National Bank,Columbus,Ohio,1995-03-31,8455,1995 Q1,1995Q1,Actual,1.4,3.6,3.4,5.5,5.5,3,5.7,7.4,7.6,8.6,8.8,8.8,4920.4,78.6,90.6,14.3,0,0
12311,6560,The Huntington National Bank,Columbus,Ohio,1994-12-31,39466,1994 Q4,1994Q4,Actual,4.7,7,5.9,7.9,5.6,2.3,5.3,7.6,7.9,8.9,9.1,8.1,4540.6,78.4,90.4,18.4,0,0
12311,6560,The Huntington National Bank,Columbus,Ohio,1994-09-30,27193,1994 Q3,1994Q3,Actual,2.4,4.7,2.4,5.3,6,3.8,4.5,6.9,7.4,8.4,8.6,7.5,4605.8,78,89.3,14.9,0,0
12311,6560,The Huntington National Bank,Columbus,Ohio,1994-06-30,16150,1994 Q2,1994Q2,Actual,5.5,7.6,4.1,6.4,6.2,2.3,4,6.7,7.2,8.2,8.4,6.9,4395.2,77.7,88.4,23.9,0,0
12311,6560,The Huntington National Bank,Columbus,Ohio,1994-03-31,8752,1994 Q1,1994Q1,Actual,3.9,5.9,2.6,4.1,6.6,2,3.3,5.5,6.2,7.1,7.3,6,4457.7,77.2,87.4,20.5,0,0
12311,6560,The Huntington National Bank,Columbus,Ohio,1993-12-31,34081,1993 Q4,1993Q4,Actual,5.6,7.9,2.8,5.2,6.6,3.4,3.1,5,5.8,6.7,7,6,4657.8,77,86.4,15.9,0,0
12311,6560,The Huntington National Bank,Columbus,Ohio,1993-09-30,25720,1993 Q3,1993Q3,Actual,1.9,4.4,0.3,2.1,6.8,1.9,3,5,5.8,6.8,7.1,6,4601.8,76.3,86.4,17.3,0,0
12311,6560,The Huntington National Bank,Columbus,Ohio,1993-06-30,15971,1993 Q2,1993Q2,Actual,2.3,4.8,1.3,4,7.1,2.9,3,5.2,6.2,7.2,7.5,6,4449.6,75.7,86.5,15.3,0,0
12311,6560,The Huntington National Bank,Columbus,Ohio,1993-03-31,8530,1993 Q1,1993Q1,Actual,0.7,2.9,1.5,4,7.1,2.9,3,5.5,6.5,7.7,7.8,6,4444.3,75.4,87.4,16.2,0,0
12311,6560,The Huntington National Bank,Columbus,Ohio,1992-12-31,63027,1992 Q4,1992Q4,Actual,4.2,7.1,1.8,4.7,7.4,3.6,3.1,6,7,8.1,8.2,6,4289.7,75.2,88.3,21,0,0
12311,6560,The Huntington National Bank,Columbus,Ohio,1992-09-30,53855,1992 Q3,1992Q3,Actual,4,6.1,1.7,4.4,7.6,3.1,3.1,5.7,6.9,7.9,8,6,4024.4,74.9,90.7,16.2,0,0
12311,6560,The Huntington National Bank,Columbus,Ohio,1992-06-30,33621,1992 Q2,1992Q2,Actual,4.4,6.9,3.8,6.6,7.6,3.1,3.7,6.7,7.5,8.6,8.7,6.5,3930.3,75,93.2,20.2,0,0
12311,6560,The Huntington National Bank,Columbus,Ohio,1992-03-31,14240,1992 Q1,1992Q1,Actual,4.9,6.4,7.9,10.7,7.4,2.7,3.9,6.7,7.5,8.9,8.7,6.5,3961.6,75.2,95.4,19.8,0,0
12311,6560,The Huntington National Bank,Columbus,Ohio,1991-12-31,50680,1991 Q4,1991Q4,Actual,1.4,3.8,3.2,6.2,7.1,3.4,4.5,6.7,7.5,9.2,8.7,7.6,4041.1,75,97.6,21.9,0,0
12311,6560,The Huntington National Bank,Columbus,Ohio,1991-09-30,37081,1991 Q3,1991Q3,Actual,2,5.3,1.5,4.3,6.9,3.1,5.4,7.5,8.1,9.8,9.3,8.4,3744,75.2,101,21.2,0,0
12311,6560,The Huntington National Bank,Columbus,Ohio,1991-06-30,25880,1991 Q2,1991Q2,Actual,3.2,6.2,3,5.3,6.8,2.4,5.6,7.8,8.3,10.1,9.5,8.7,3545.5,75.5,104.6,20.1,0,0
12311,6560,The Huntington National Bank,Columbus,Ohio,1991-03-31,11926,1991 Q1,1991Q1,Actual,-1.9,2,1.2,3.4,6.6,3,6,7.7,8.2,10.4,9.5,9.2,3583.7,74.9,105.6,36.2,0,0
12311,6560,The Huntington National Bank,Columbus,Ohio,1990-12-31,40277,1990 Q4,1990Q4,Actual,-3.6,-0.7,-3.2,2.1,6.1,7,7,8.1,8.5,10.9,10,10,3101.4,75.5,106.6,34,0,0
12311,6560,The Huntington National Bank,Columbus,Ohio,1990-09-30,33182,1990 Q3,1990Q3,Actual,0.3,3.7,0.1,5.2,5.7,7.1,7.5,8.5,8.8,10.6,10.1,10,2879.3,75.9,107,36.5,0,0
12311,6560,The Huntington National Bank,Columbus,Ohio,1990-06-30,18925,1990 Q2,1990Q2,Actual,1.5,6.1,3,6.8,5.3,4,7.7,8.7,8.8,10.7,10.3,10,3424.4,76,107.5,24.2,0,0
12311,6560,The Huntington National Bank,Columbus,Ohio,1990-03-31,8379,1990 Q1,1990Q1,Actual,4.4,9,3.3,9.4,5.3,7.1,7.8,8.5,8.5,10.4,10.1,10,3273.5,76,108.4,27.3,0,0
